{"Data":{"Units":["Cursed Berserker Paladin","Pink Rockstar","Ice Dragon","Bloomer","Dragon Mage","Demon Paladin"],"RecordMode":"Money"},"10":{"money":1500,"type":"UpgradeUnit","cframe":"-97.8421173, 389.016571, -1424.98596, 0, 0, -1, 0, 1, 0, 1, 0, 0","unit":"Pink Rockstar"},"11":{"money":3000,"type":"UpgradeUnit","cframe":"-97.8421173, 389.016571, -1424.98596, 0, 0, -1, 0, 1, 0, 1, 0, 0","unit":"Pink Rockstar"},"12":{"money":4500,"type":"UpgradeUnit","cframe":"-97.8421173, 389.016571, -1424.98596, 0, 0, -1, 0, 1, 0, 1, 0, 0","unit":"Pink Rockstar"},"13":{"money":6500,"type":"UpgradeUnit","cframe":"-97.8421173, 389.016571, -1424.98596, 0, 0, -1, 0, 1, 0, 1, 0, 0","unit":"Pink Rockstar"},"15":{"money":5000,"type":"SpawnUnit","cframe":"-96.5036926, 389.016174, -1436.78003, 0, 0, -1, 0, 1, 0, 1, 0, 0","unit":"Dragon Mage"},"5":{"money":1500,"type":"UpgradeUnit","cframe":"-90.5333786, 388.957031, -1435.125, 0, 0, -1, 0, 1, 0, 1, 0, 0","unit":"Demon Paladin"},"8":{"money":1500,"type":"UpgradeUnit","cframe":"-48.7839966, 388.956879, -1378.13135, 0, 0, -1, 0, 1, 0, 1, 0, 0","unit":"Demon Paladin"},"14":{"money":7500,"type":"UpgradeUnit","cframe":"-97.8421173, 389.016571, -1424.98596, 0, 0, -1, 0, 1, 0, 1, 0, 0","unit":"Pink Rockstar"},"4":{"money":1000,"type":"SpawnUnit","cframe":"-90.6427689, 388.957031, -1424.12878, 0, 0, -1, 0, 1, 0, 1, 0, 0","unit":"Demon Paladin"},"1":{"money":1000,"type":"SpawnUnit","cframe":"-48.7839966, 388.956879, -1378.13135, 0, 0, -1, 0, 1, 0, 1, 0, 0","unit":"Demon Paladin"},"3":{"money":1000,"type":"SpawnUnit","cframe":"-90.4262238, 388.957031, -1429.88428, 0, 0, -1, 0, 1, 0, 1, 0, 0","unit":"Demon Paladin"},"2":{"money":1000,"type":"SpawnUnit","cframe":"-90.5333786, 388.957031, -1435.125, 0, 0, -1, 0, 1, 0, 1, 0, 0","unit":"Demon Paladin"},"19":{"type":"SellUnit","cframe":"-48.7839966, 388.956879, -1378.13135, 0, 0, -1, 0, 1, 0, 1, 0, 0","unit":"Demon Paladin"},"18":{"money":11000,"type":"UpgradeUnit","cframe":"-96.5036926, 389.016174, -1436.78003, 0, 0, -1, 0, 1, 0, 1, 0, 0","unit":"Dragon Mage"},"7":{"money":1500,"type":"UpgradeUnit","cframe":"-90.6427689, 388.957031, -1424.12878, 0, 0, -1, 0, 1, 0, 1, 0, 0","unit":"Demon Paladin"},"6":{"money":1500,"type":"UpgradeUnit","cframe":"-90.4262238, 388.957031, -1429.88428, 0, 0, -1, 0, 1, 0, 1, 0, 0","unit":"Demon Paladin"},"9":{"money":800,"type":"SpawnUnit","cframe":"-97.8421173, 389.016571, -1424.98596, 0, 0, -1, 0, 1, 0, 1, 0, 0","unit":"Pink Rockstar"},"24":{"type":"SellUnit","cframe":"-96.5036926, 389.016174, -1436.78003, 0, 0, -1, 0, 1, 0, 1, 0, 0","unit":"Dragon Mage"},"16":{"money":7500,"type":"UpgradeUnit","cframe":"-96.5036926, 389.016174, -1436.78003, 0, 0, -1, 0, 1, 0, 1, 0, 0","unit":"Dragon Mage"},"17":{"money":10000,"type":"UpgradeUnit","cframe":"-96.5036926, 389.016174, -1436.78003, 0, 0, -1, 0, 1, 0, 1, 0, 0","unit":"Dragon Mage"},"20":{"type":"SellUnit","cframe":"-90.5333786, 388.957031, -1435.125, 0, 0, -1, 0, 1, 0, 1, 0, 0","unit":"Demon Paladin"},"21":{"type":"SellUnit","cframe":"-90.4262238, 388.957031, -1429.88428, 0, 0, -1, 0, 1, 0, 1, 0, 0","unit":"Demon Paladin"},"22":{"type":"SellUnit","cframe":"-90.6427689, 388.957031, -1424.12878, 0, 0, -1, 0, 1, 0, 1, 0, 0","unit":"Demon Paladin"},"23":{"type":"SellUnit","cframe":"-97.8421173, 389.016571, -1424.98596, 0, 0, -1, 0, 1, 0, 1, 0, 0","unit":"Pink Rockstar"}}