{"Hide Key":"U","Macros Selected":{"Challenge":[],"Infinite":[],"Raid":[],"Story":[],"Tower":{"Map1":"","Map2":"","Map5":"","Map3":"","Map4":""}},"TP Lobby":false,"Auto Claim Quests":false,"Auto Reroll":false,"Auto Raid (Lobby)":false,"Enable Auto Join Player":false,"Webhook":{"ID":0,"Ping":false,"Result":false,"URL":""},"Ping On Secret Drop":false,"TP Lobby when RAID OPEN":false,"Auto Buy Raid":false,"Auto Summon":false,"Auto Leave Wave":false,"Enable Auto Delete Rarity":false,"Auto Leave when No Enemy Spawn":false,"Summon Unit":"","Auto Raid":false,"Ignore Shiny Auto Sell Rarity":true,"Auto Start Time Delay":1,"Auto Lobby TP on Time":false,"Summon Select":"1","Black Screen":false,"Selected Macro":"","Hide Additional Frame":false,"Auto Replay":false,"Large Window":false,"blackScreen":false,"Auto Hide Name":false,"Play Macro":false,"AutoStart":true,"Auto Start Game/Skip":false,"Auto Execute":true,"Auto Start Delay":1,"Auto Hide UI on Execute":false,"Auto Joiner Player":false,"Selected Traits Reroll":[],"Auto Next":true,"Step Delay":3,"Ping On Selected Item":false,"Auto Trait Reroll":false,"FPS Boost":false,"Auto Tower":false,"Auto Leave":false,"IgnoreChallengeRewards":[],"Enable Sell Rarity":false,"Ignore Shiny Sell Rarity":false,"Macro Mode Select":"Story","Enable Auto Sell Rarity":false,"Enable Delete Rarity":false,"Auto Join Map":false,"Delete Map":false,"Ping User":false,"Auto Story Mode":"Automatic","TP Delay":3,"Result Webhook":false,"AutoChallenge":false,"mapSelect":"FooshaVillage","Auto Leave on Wave":false,"Auto Sell Farms":false,"Auto Story":false,"Selected Story":"FooshaVillage_Chapter1","IgnoreChallenge":[],"Auto Sell Rarity":[],"Enable Auto Story":false,"Summon Mode":"All Gems","Enable Auto Challenge":false,"Raid Buy List":[],"Auto Start":false,"Friends Only":false,"TP Lobby Time":10,"friendSelect":false,"Auto Buy Raid2":false,"actSelect":"1","IgnoreChallengeMap":[],"Auto Sell Units":false,"Summon Banner":"Standard","AutoJoinMap":false,"Auto Delete Rarity":[],"PingSelected":false,"AutoLeaveOnWave":1,"Raid2 Buy List":[],"Import Mode":"Link","Auto Try Reconnect":false,"difficultySelect":"Normal","FirstTime":true,"Auto Joiner Player Select":"","Auto Skip Wave":true,"Export File":"","AutoSellFarmsWave":1,"WebhookPingSelected":[],"Auto TP Raid Open":false,"Auto Sell Wave":1,"Record Macro":false,"Summon Gems":0,"modeSelect":"Story","Record Options":"Money","Selected Raids":[],"Join Priority":{"1":"Auto Join Player","3":"Auto Raid","2":"Auto Tower","5":"Auto Story","4":"Auto Challenge","6":"Auto Join Map"}}