{"Hide Key":"U","Macros Selected":{"Challenge":[],"Infinite":{"UnderwaterCity":"Underwater"},"Raid":[],"Story":{"UnderwaterCity":"Underwater"},"Tower":{"Map1":"","Map2":"","Map5":"","Map3":"","Map4":""}},"TP Lobby":false,"Auto Claim Quests":true,"Auto Reroll":false,"Auto Raid (Lobby)":false,"Enable Auto Join Player":false,"Webhook":{"ID":0,"Ping":false,"Result":false,"URL":""},"Ping On Secret Drop":false,"TP Lobby when RAID OPEN":false,"Auto Buy Raid":false,"Auto Summon":false,"Auto Leave Wave":false,"Enable Auto Delete Rarity":false,"Auto Leave when No Enemy Spawn":false,"Summon Unit":"","Auto Raid":false,"Ignore Shiny Auto Sell Rarity":true,"Auto Start Time Delay":1,"Auto Lobby TP on Time":false,"Summon Select":"1","Black Screen":false,"Selected Macro":"Underwater","Large Window":true,"Auto Replay":false,"Auto Hide Name":false,"Enable Delete Rarity":false,"Auto Execute":false,"Play Macro":false,"AutoStart":false,"Hide Additional Frame":false,"Auto Tower":false,"Auto Start Delay":1,"Ignore Shiny Sell Rarity":false,"Auto Joiner Player":false,"Selected Traits Reroll":[],"Auto Next":true,"Step Delay":1,"Ping On Selected Item":false,"Auto Trait Reroll":false,"Result Webhook":false,"Auto Leave on Wave":false,"Auto Leave":false,"IgnoreChallengeRewards":[],"Enable Sell Rarity":false,"Auto Sell Farms":false,"Macro Mode Select":"Story","Enable Auto Sell Rarity":false,"Enable Auto Story":false,"Auto Join Map":false,"Delete Map":false,"blackScreen":false,"Auto Story Mode":"Selected Map","TP Delay":3,"Auto Hide UI on Execute":true,"AutoChallenge":false,"mapSelect":"UnderwaterCity","Auto Story":false,"Auto Start":false,"Friends Only":false,"Selected Story":"FooshaVillage_Chapter1","IgnoreChallenge":[],"Auto Sell Rarity":[],"Enable Auto Challenge":false,"Summon Mode":"All Gems","Ping User":false,"Raid Buy List":[],"Auto Start Game/Skip":false,"FPS Boost":false,"TP Lobby Time":10,"friendSelect":false,"Auto Buy Raid2":false,"actSelect":"1","IgnoreChallengeMap":[],"Auto Sell Units":true,"Summon Banner":"Standard","AutoJoinMap":false,"Auto Delete Rarity":[],"PingSelected":false,"AutoLeaveOnWave":1,"Raid2 Buy List":[],"Import Mode":"Link","Auto Try Reconnect":true,"difficultySelect":"Hard","FirstTime":true,"Auto Joiner Player Select":"","Auto Skip Wave":true,"Export File":"","AutoSellFarmsWave":1,"WebhookPingSelected":[],"Auto TP Raid Open":false,"Auto Sell Wave":29,"Record Macro":false,"Summon Gems":0,"modeSelect":"Infinite","Record Options":"Money","Selected Raids":[],"Join Priority":{"1":"Auto Join Player","3":"Auto Raid","2":"Auto Tower","5":"Auto Story","4":"Auto Challenge","6":"Auto Join Map"}}